id,name,age,gender
1,Frank,58,male
2,Kate,19,female
3,Lisa,22,female
4,George,67,male
5,Abigail,25,female
6,Bensa,38,female
7,Carson,48,male
8,Delion,23,male
9,Farha,22,female
10,Gola,43,female
11,Harry,24,male
12,India,33,female
13,Jack,36,male
14,Kaenny,42,male
15,Lima,15,female
16,Macy,41,female
17,Nick,50,male
18,Ozo,13,male
19,Penny,60,female
20,Rob,56,male
21,Fulton,29,male
22,Jerry,74,male
23,Brenda,59,female
24,Craig,22,male
25,Amal,31,male
26,Darius,84,male
27,Garrison,43,male
28,Benedict,52,male
29,Chadwick,77,male
30,Conan,77,male
31,Dustin,32,male
32,Elton,31,male
33,Jacqueline,85,female
34,Aimee,18,female
35,Alika,48,female
36,Amanda,27,female
37,Asher,78,male
38,Derek,16,male
39,Dexter,40,male
40,Fuller,80,male
41,Doris,35,female
42,Joshua,21,male
43,Anthony,52,male
44,Armand,50,male
45,Arsenio,45,male
46,Clarke,56,male
47,Brett,60,male
48,Heidi,41,female
49,Colin,41,male
50,Andrew,31,male
51,Caldwell,80,male
52,Calista,30,female
53,Cleo,44,female
54,Gretchen,61,female
55,Giacomo,87,male
56,Hammett,37,male
57,Byron,81,male
58,Emerald,71,female
59,Jescie,86,female
60,Cassandra,29,female
61,India,65,female
62,Belle,22,female
63,Carter,59,male
64,Chadwick,45,male
65,Fredericka,86,female
66,Bo,33,female
67,Brenda,68,female
68,Castor,57,male
69,Gregory,30,male
70,Aileen,52,female
71,Brynne,68,female
72,Ezekiel,18,male
73,Griffin,86,male
74,Baxter,59,male
75,Igor,15,male
76,Abraham,30,male
77,Emmanuel,68,male
78,Ifeoma,23,female
79,Jasmine,83,female
80,Adele,81,female
81,Aretha,87,female
82,Bert,16,male
83,Elvis,23,male
84,Frances,87,female
85,Howard,52,male
86,Amena,25,female
87,Bruce,16,male
88,Cheryl,23,female
89,Heather,83,female
90,Camden,57,male
91,Dale,27,male
92,Cheyenne,50,female
93,Garth,51,male
94,Finn,80,male
95,Gannon,18,male
96,Cora,81,female
97,Geoffrey,19,male
98,Hiroko,65,female
99,Asher,49,male
100,August,52,male
101,Baxter,65,male
102,Brett,85,male
103,Elaine,82,female
104,Eve,76,female
105,Brandon,68,male
106,Dean,20,male
107,Debra,60,female
108,Hu,29,male
109,Ivy,43,female
110,Alexis,75,female
111,Aspen,45,female
112,Derek,83,male
113,Geoffrey,89,male
114,Fulton,78,male
115,Elliott,69,male
116,Fletcher,50,male
117,Ima,75,female
118,Alfreda,41,female
119,Debra,34,female
120,Galvin,83,male
121,Isaac,53,male
122,Amity,15,female
123,Dawn,53,female
124,Devin,90,male
125,Cameron,68,female
126,Catherine,45,female
127,Chava,55,female
128,Emmanuel,18,male
129,Francis,67,male
130,Chase,19,male
131,Elijah,30,male
132,Aristotle,47,male
133,Galvin,75,male
134,Harlan,70,male
135,Byron,88,male
136,Dora,35,female
137,Eliana,48,female
138,Basil,21,male
139,Benedict,70,male
140,Carl,24,male
141,Gillian,90,female
142,Basia,57,female
143,Britanni,33,female
144,Iola,61,female
145,Bethany,50,female
146,Dane,22,male
147,Echo,78,female
148,Ifeoma,61,female
149,Abdul,65,male
150,Blair,77,female
151,Christine,47,female
152,Deacon,43,male
153,Ferdinand,55,male
154,Fritz,85,male
155,Josiah,88,male
156,Cailin,72,female
157,Emery,59,male
158,Gloria,34,female
159,Darius,60,male
160,Ingrid,64,female
161,Dominique,72,female
162,Adrienne,65,female
163,Cora,42,female
164,Audrey,30,female
165,Blaine,85,female
166,Cameran,65,female
167,Giacomo,40,male
168,Aline,70,female
169,Jason,90,male
170,Audra,43,female
171,Carlos,33,male
172,Carolyn,75,female
173,Conan,73,male
174,Harriet,56,female
175,Alana,39,female
176,Emily,25,female
177,Iona,75,female
178,Judah,78,male
179,Emerson,46,male
180,Adam,52,male
181,Amos,57,male
182,John,54,male
183,Daphne,16,female
184,Gregory,59,male
185,Ivana,47,female
186,Caldwell,21,male
187,Charde,65,female
188,Andrew,38,male
189,Hermione,72,female
190,Irma,53,female
191,Abra,86,female
192,Camden,79,male
193,Aiko,89,female
194,Amela,49,female
195,Bianca,74,female
196,Brock,79,male
197,Cody,50,male
198,Forrest,61,male
199,Jessica,20,female
200,Berk,41,male
201,Beck,89,male
202,Cassandra,33,female
203,Jared,55,male
204,Astra,49,female
205,Aurora,82,female
206,Clayton,22,male
207,Hannah,67,female
208,Helen,61,female
209,Beatrice,21,female
210,Dorian,56,male
211,Edan,66,male
212,Gray,90,male
213,Ina,63,female
214,Inez,67,female
215,Joy,29,female
216,Fleur,23,female
217,Julian,25,male
218,Justin,81,male
219,Justina,19,female
220,Justine,81,female
221,Justine,14,female
222,Kareem,47,male
223,Kareem,15,male
224,Karen,19,female
225,Kasper,88,male
226,Kato,15,male
227,Kay,49,female
228,Kaye,86,female
229,Keefe,41,male
230,Keith,55,male
231,Kelsie,23,female
232,Kelsie,69,female
233,Kennedy,73,male
234,Kessie,46,female
235,Kieran,27,male
236,Kirsten,58,female
237,Kristen,49,female
238,Kyla,47,female
239,Lacey,27,female
240,Lacey,41,female
241,Lacota,44,female
242,Lacy,68,female
243,Laith,35,male
244,Lance,24,male
245,Lani,32,female
246,Lars,40,male
247,Laura,28,female
248,Leandra,59,female
249,Leigh,42,female
250,Lenore,52,female
251,Leo,86,male
252,Leo,49,male
253,Lesley,16,female
254,Lesley,17,female
255,Lesley,21,female
256,Liberty,76,female
257,Lisandra,37,female
258,Lucas,81,male
259,Lydia,16,female
260,Lysandra,32,female
261,Macaulay,45,male
262,Macey,87,female
263,Macon,54,male
264,Macon,15,male
265,Magee,33,male
266,Maggie,23,female
267,Maisie,85,female
268,Mari,39,female
269,Mark,89,male
270,Maryam,75,female
271,Mason,48,male
272,Maxwell,43,male
273,May,36,female
274,Melanie,50,female
275,Mercedes,60,female
276,Merrill,46,male
277,Merritt,50,male
278,Mia,19,female
279,Micah,45,male
280,Michelle,34,female
281,Mikayla,15,female
282,Miranda,60,female
283,Mollie,77,female
284,Mona,35,female
285,Mona,17,female
286,Myles,17,male
287,Nadine,58,female
288,Nadine,40,female
289,Neville,26,male
290,Noah,89,male
291,Noble,64,male
292,Noel,18,female
293,Noelle,70,female
294,Nola,30,female
295,Nolan,54,male
296,Ocean,23,female
297,Odessa,18,female
298,Odette,38,female
299,Odysseus,73,male
300,Oleg,88,male
301,Olga,28,female
302,Ori,18,female
303,Orlando,24,male
304,Orli,89,female
305,Orson,43,male
306,Owen,17,male
307,Paki,68,male
308,Palmer,84,male
309,Paul,51,male
310,Paul,72,male
311,Paula,73,female
312,Penelope,66,female
313,Peter,70,male
314,Phoebe,46,female
315,Price,74,male
316,Quentin,87,male
317,Quinn,65,male
318,Quintessa,69,female
319,Raja,22,male
320,Rajah,54,male
321,Ramona,40,female
322,Randall,74,male
323,Randall,39,male
324,Rashad,53,male
325,Rebekah,19,female
326,Rhiannon,40,female
327,Richard,17,male
328,Risa,26,female
329,Rooney,26,male
330,Ross,34,male
331,Ross,80,male
332,Roth,45,male
333,Rudyard,73,male
334,Russell,60,male
335,Ryder,89,male
336,Salvador,59,male
337,Sarah,69,female
338,Sawyer,39,male
339,Scarlett,40,female
340,September,14,female
341,Serena,58,female
342,Serina,30,female
343,Shaeleigh,35,female
344,Sharon,88,female
345,Sharon,81,female
346,Shea,43,female
347,Shelley,58,female
348,Shoshana,22,female
349,Shoshana,39,female
350,Sierra,43,female
351,Signe,25,female
352,Sigourney,86,female
353,Silas,18,male
354,Skyler,75,female
355,Solomon,72,male
356,Sonia,71,female
357,Sonya,45,female
358,Sopoline,14,female
359,Stone,71,male
360,Susan,14,female
361,Sybill,29,female
362,Sydney,60,female
363,Sylvester,65,male
364,Sylvia,30,female
365,Tanek,59,male
366,Tanya,26,female
367,Tarik,71,male
368,Tashya,42,female
369,Tatiana,17,female
370,Tatum,88,female
371,Theodore,22,male
372,Tiger,70,male
373,Travis,26,male
374,Tyler,61,male
375,Ulla,15,female
376,Ulysses,35,male
377,Uma,63,female
378,Ursula,75,female
379,Uta,56,female
380,Valentine,66,male
381,Vance,61,male
382,Velma,24,female
383,Vernon,19,male
384,Vincent,43,male
385,Vincent,16,male
386,Whoopi,38,female
387,Xanthus,22,male
388,Xavier,82,male
389,Xerxes,61,female
390,Xerxes,53,female
391,Yael,38,female
392,Yeo,84,female
393,Yoshio,88,male
394,Yoshio,29,male
395,Yoshio,24,male
396,Yuli,60,male
397,Zahir,36,male
398,Zahir,44,male
399,Zeph,60,male
400,Zia,54,female
